ASIN,Word
B079P7DF2Q,Jessica Simpson Women's Comfy Faux Fur House Slipper Scuff Memory Foam Slip on Anti-skid Sole
B079P7DF2Q,Jessica Simpson
B08636NKF8,Apple MacBook Air (13-inch
B08636NKF8, 8GB RAM
B08636NKF8, 256GB SSD Storage) - Gold (Latest Model)
B08636NKF8,Apple Computer
B08636NKF8,MWTL2LL/A
B07MGYCGXF,Gildan Men's Heavy Blend Fleece Hooded Sweatshirt G18500
B07MGYCGXF,Gildan Men's Activewear
B07MGYCGXF,G18500
B07H8WS1FT,Fire 7 Kids Edition Tablet
B07H8WS1FT," 7"" Display"
B07H8WS1FT, 16 GB
B07H8WS1FT, Blue Kid-Proof Case
B07H8WS1FT,Amazon
B07H8WS1FT,M8S26G
B076JL8YH3,PowerSource 65W 45W UL Listed Charger for Dell-Inspiron 15-3000 15-5000 15-7000 11-3000 13-5000 13-7000 17-5000 XPS 13 Series 5559 5558 5755 5758 14 Foot Extra Long AC Adapter Laptop Power Supply Cord
B076JL8YH3,PowerSource
B076JL8YH3,PS-D5
B07PF9PWM3,NA
B07XJ8C8F5,All-new Echo Dot (4th Gen) | Smart speaker with Alexa | Charcoal
B07XJ8C8F5,Amazon
B07XJ8C8F5,B7W64E
B07ZB2QLC2,Ring Alarm Contact Sensor (2nd Gen)
B07ZB2QLC2,Ring
B07ZB2QLC2,53-023657
B01N5GHL1H,Southpole Men's Active Basic Jogger Fleece Pants
B01N5GHL1H,Southpole Young Men's Sportswear
B07PP49ZDW,Kindle Paperwhite – Now Waterproof with more than 2x the Storage – Ad-Supported + Kindle Unlimited (with auto-renewal)
B00O0M46KO,Dell USB 3.0 Ultra HD/4K Triple Display Docking Station (D3100)
B00O0M46KO, Black
B00O0M46KO,Dell Computer
B00O0M46KO,D3100
B07ZSDR49S,TP-Link Wifi 6 AX1500 Smart WiFi Router (Archer AX10) – 802.11ax Router
B07ZSDR49S, 4 Gigabit LAN Ports
B07ZSDR49S, Dual Band AX Router
B07ZSDR49S,Beamforming
B07ZSDR49S,OFDMA
B07ZSDR49S, MU-MIMO
B07ZSDR49S, Parental Controls
B07ZSDR49S, Works with Alexa
B07ZSDR49S,TP-Link
B07ZSDR49S,Archer AX10
B08529TZMC,HP Chromebook 14-inch HD Laptop
B08529TZMC, Intel Celeron N4000
B08529TZMC, 4 GB RAM
B08529TZMC, 32 GB eMMC
B08529TZMC, Chrome (14a-na0010nr
B08529TZMC, Mineral Silver)
B08529TZMC,Hewlett Packard
B08529TZMC,14a-na0010nr
B076JKHDQT,Ring Rechargeable Battery Pack
B076JKHDQT,Ring
B076JKHDQT,8AB1S7-0EU0
B07RF1XD36,Acer Aspire 5 Slim Laptop
B07RF1XD36, 15.6 inches Full HD IPS Display
B07RF1XD36, AMD Ryzen 3 3200U
B07RF1XD36, Vega 3 Graphics
B07RF1XD36, 4GB DDR4
B07RF1XD36, 128GB SSD
B07RF1XD36, Backlit Keyboard
B07RF1XD36, Windows 10 in S Mode
B07RF1XD36, A515-43-R19L
B07RF1XD36, Silver
B07RF1XD36,Acer
B07RF1XD36,A515-43-R19L
B083J4159T,Acekar Pokemon Stickers for Hydro Flask
B083J4159T, | 50 PCS | Vinyl Waterproof Stickers for Laptop
B083J4159T,Skateboard
B083J4159T,Water Bottles
B083J4159T,Computer
B083J4159T,Phone
B083J4159T, Cute Anime Stickers (Pokemon)
B083J4159T,Acekar
B08974KDK8,Patrick Stewart
B08974KDK8, Alison Pill
B08974KDK8, Santiago Cabrera
B08974KDK8, Isa Briones
B08974KDK8, Evan Evagora
B08974KDK8, Michelle Hurd
B08974KDK8, Harry Treadaway
B08974KDK8, Brent Spiner
B08974KDK8, Jeri Ryan
B08974KDK8, Jonathan Frakes
B08974KDK8, Marina Sirtis
B08974KDK8, Jonathan Frakes
B08974KDK8,Star Trek: Picard - Season One
B08974KDK8,Paramount
B005OCFGTO,Daniel Radcliffe
B005OCFGTO, Rupert Grint
B005OCFGTO, Emma Watson
B005OCFGTO, Robbie Coltrane
B005OCFGTO, Maggie Smith
B005OCFGTO, Chris Columbus
B005OCFGTO, Alfonso Cuaron
B005OCFGTO, Mike Newell
B005OCFGTO, David Yates
B005OCFGTO,Harry Potter: The Complete 8-Film Collection
B005OCFGTO,Warner Bros.
B005OCFGTO,2724589204496
B005OCFGTO,Action / Adventure
B005OCFGTO,Movie
B005OCFGTO,Action / General
B005OCFGTO,Action/Adventure
B005OCFGTO,Box Sets
B005OCFGTO,Family
B005OCFGTO,Family-Fantasy
B005OCFGTO,Nr/8 DVD
B005OCFGTO,Sci-Fi/Fantasy
B005OCFGTO,Ws/Viva
B005OCFGTO,Action / Adventure
B005OCFGTO,Action / General
B005OCFGTO,Action/Adventure
B005OCFGTO,Box Sets
B005OCFGTO,Family
B005OCFGTO,Family-Fantasy
B005OCFGTO,Feature Film Family
B005OCFGTO,Gift Set
B005OCFGTO,Movie
B005OCFGTO,Nr/8 DVD
B005OCFGTO,Sci-Fi/Fantasy
B005OCFGTO,Ws/Viva
B0009G7HTM,Hanes
B0009G7HTM,Hanes Men’s Ultimate Cotton Heavyweight Pullover Hoodie Sweatshirt
B0009G7HTM,Hanes Men's Athletic Child Code
B0009G7HTM,OF170
B07WML2XTD,All-new Ring Chime Pro
B07WML2XTD,Ring
B07WML2XTD,53-023192
B07V3JYVQH,IdeaPad Charger 65W 45W Round Tip Power Supply AC Adapter for Lenovo IdeaPad 330-14
B07V3JYVQH, 330-15
B07V3JYVQH, 330-17
B07V3JYVQH, 510-15
B07V3JYVQH, 330s-14
B07V3JYVQH, 330s-15 Lenovo Flex 6-14 Laptop Charger
B07V3JYVQH,Ostrich
B07V3JYVQH,ADLX65CLGC2A
B07YNLBS7R,Introducing Fire TV Stick Lite with Alexa Voice Remote Lite (no TV controls) | HD streaming device | 2020 release
B07YNLBS7R,Amazon
B07YNLBS7R,S3L46N
B07WFT98X1,Jescakoo Tunic Tops for Leggings for Women Long Sleeve V Neck T Shirts Casual Loose Fit
B017JOME6M,Alicia Witt
B017JOME6M, Joey Lawrence
B017JOME6M, Kellie Martin
B017JOME6M, Andrew McCarthy
B017JOME6M, Marilu Henner
B017JOME6M, Cameron Matheson
B017JOME6M, Various
B017JOME6M,Hallmark Holiday Collection (A Very Merry Mix-Up
B017JOME6M, The Christmas Ornament
B017JOME6M, Hitched For the Holidays
B017JOME6M, Come Dance With Me)
B017JOME6M,Hallmark
B017JOME6M,Drama
B017JOME6M,Movie
B017JOME6M,Christmas
B017JOME6M,Comedy
B017JOME6M,Drama
B017JOME6M,Family
B017JOME6M,Film Shorts/Collections
B017JOME6M,Holiday Video
B017JOME6M,Movie
B07MQ836T5,onlypuff Pocket Shirts for Women Casual Loose Fit Tunic Top Baggy Comfy Blouse
B086MBQKH2,Acer Chromebook Spin 311 Convertible Laptop
B086MBQKH2, Intel Celeron N4020
B086MBQKH2," 11.6"" HD Touch"
B086MBQKH2, 4GB LPDDR4
B086MBQKH2, 32GB eMMC
B086MBQKH2, Gigabit Wi-Fi 5
B086MBQKH2, Bluetooth 5.0
B086MBQKH2, Google Chrome
B086MBQKH2, CP311-2H-C679
B086MBQKH2,Acer
B086MBQKH2,CP311-2H-C679
B07H8WS1FT,Fire 7 Kids Edition Tablet
B07H8WS1FT," 7"" Display"
B07H8WS1FT, 16 GB
B07H8WS1FT, Blue Kid-Proof Case
B07H8WS1FT,Amazon
B07H8WS1FT,M8S26G
B07KD7K4B1,Fire HD 10 Kids Edition Tablet – 10.1” 1080p full HD display
B07KD7K4B1, 32 GB
B07KD7K4B1, Blue Kid-Proof Case
B07KD7K4B1,Amazon
B07KD7K4B1,M2V3R5
B01M20UQCV,Hanes Sport Women's Cool DRI Performance Long Sleeve Tee
B01M20UQCV,Hanes Women's Activewear
B01M20UQCV,O9308
B06WVCB862,TP-Link Deco Mesh WiFi System(Deco M5) –Up to 5
B06WVCB862,500 sq. ft. Whole Home Coverage and 100+ Devices
B06WVCB862,WiFi Router/Extender Replacement
B06WVCB862, Parental Controls/Anitivirus
B06WVCB862, Seamless Roaming
B06WVCB862, 3-pack
B06WVCB862,TP-Link
B06WVCB862,Deco M5(3-pack)
B07RLR5PVJ,New Genuine Inspiron 11 13 14 15 Laptop Charger 45W(watt) Slim AC Power Adapter(LA45NM140/0KXTTW/0285K) for Dell Inspiron 3000 5000 7000 Series Charger ���
B07RLR5PVJ,Dell Computers
B07RLR5PVJ,LA45NM140/DA45NM140
B07QNRM45T,Hiearcool USB C Hub
B07QNRM45T,USB-C Laptop Docking Station
B07QNRM45T,11 in 1 Triple Display Type C Adapter Compatiable for MacBook and Windows(2HDMI VGA PD3.0 SD TF Card Reader Gigabit Ethernet 4USB Ports)
B07QNRM45T,Hiearcool
B07QNRM45T,UCN3270
B07KGVB6D6,Fire TV Cube
B07KGVB6D6, hands-free with Alexa built in
B07KGVB6D6, 4K Ultra HD
B07KGVB6D6, streaming media player
B07KGVB6D6, released 2019
B07KGVB6D6,Amazon
B07KGVB6D6,A78V3N
B076831CCJ,Gildan Men's Ultra Cotton Adult Long Sleeve T-Shirt
B076831CCJ, 2-Pack
B076831CCJ,Gildan
B076831CCJ,G2400P2
B07WDDT3G5,All-new Fire HD 8 Kids Edition tablet
B07WDDT3G5," 8"" HD display"
B07WDDT3G5, 32 GB
B07WDDT3G5, Blue Kid-Proof Case
B07WDDT3G5,Amazon
B07XXYHPVM,levaca Women's Fall Long Sleeve Side Split Loose Casual Pullover Tunic Tops
B01N5RCZQH,TP-Link AC750 Wireless Portable Nano Travel Router(TL-WR902AC) - Support Multiple Modes
B01N5RCZQH, WiFi Router/Hotspot/Bridge/Range Extender/Access Point/Client Modes
B01N5RCZQH, Dual Band WiFi
B01N5RCZQH, 1 USB 2.0 Port
B01N5RCZQH,TP-LINK USA
B01N5RCZQH,TL-WR902AC
B01N5RCZQH,TL-WR902AC
B000YDDF6O,Baby Einstein Take Along Tunes Musical Toy
B000YDDF6O, Ages 3 months Plus
B000YDDF6O,KIDS II
B000YDDF6O,30704
B000YDDF6O,baby30704
B084J4MJCK,All-new Echo Dot (4th Gen) Kids Edition | Designed for kids
B084J4MJCK, with parental controls | Panda
B084J4MJCK,Amazon
B084J4MJCK,B7W64E
6304711905,Kurt Russell
6304711905, Val Kilmer
6304711905, Sam Elliott
6304711905, Bill Paxton
6304711905, Powers Boothe
6304711905, Michael Biehn
6304711905, Charlton Heston
6304711905, Jason Priestley
6304711905, Dana Delany
6304711905, Thomas Haden Church
6304711905, George P. Cosmatos
6304711905, Kevin Jarre
6304711905,Tombstone
6304711905,HOLLYWOOD PICTURES
6304711905,MFR717951000064#VG
6304711905,Movie
6304711905,Westerns
6304711905,Action
6304711905,Clr/Cc/Dss/Ws/Keeper
6304711905,English
6304711905,Feature
6304711905,High Production Values
6304711905,Questionable for Children
6304711905,R
6304711905,Revisionist Western
6304711905,Suitable for Teens
6304711905,USA
6304711905,Violence
6304711905,Western
6304711905,Western Violence
6304711905,Westerns-Contemporary
6304711905,Action
6304711905,Biography
6304711905,Clr/Cc/Dss/Ws/Keeper
6304711905,Drama
6304711905,History
6304711905,Movie
6304711905,R
6304711905,Romance
6304711905,Western
6304711905,Westerns
6304711905,Westerns-Contemporary
6304711905,CLOSED CAP/SUBTITLED
6304711905,Running Time: 130m/COLOR
6304711905,Westerns Non-Book
B07GYN1XTN,Hudson Baby Unisex Baby Cotton Long-sleeve Bodysuits
B07GYN1XTN,Hudson Baby
B07GYN1XTN,10155020
B01N68HI9S,(3 Pack) Supershieldz for Apple MacBook Pro 13 inch (2020
B01N68HI9S, 2019
B01N68HI9S, 2018
B01N68HI9S, 2017 and 2016 Model) Touch Bar Screen Protector
B01N68HI9S, Anti Glare and Anti Fingerprint (Matte) Shield
B01N68HI9S,Supershieldz
B01N68HI9S,"SS-ASP-A-MacBook Pro 13"" (2016)-3P"
B07NF3K74H,TP-Link AC1900 Smart WiFi Router (Archer A9) - High Speed MU-MIMO Wireless Router
B07NF3K74H, Dual Band
B07NF3K74H, Gigabit
B07NF3K74H, VPN Server
B07NF3K74H, Beamforming
B07NF3K74H, Smart Connect
B07NF3K74H, Works with Alexa
B07NF3K74H, Black
B07NF3K74H,TP-Link
B07NF3K74H,Archer A9
B008ALAAV0,APPLE
B008ALAAV0,Apple 85W MagSafe 2 Power Adapter (for MacBook Pro with Retina display)
B008ALAAV0,Apple Computer
B008ALAAV0,MD506LL/A
B08JBMWG2G,NA
B086Q92563,NEW Microsoft Surface Dock 2
B086Q92563,Microsoft
B086Q92563,SVS-00001
B07VTK654B,Echo Auto- Hands-free Alexa in your car with your phone
B07VTK654B,Amazon
B00004Z4SE,Whitney Houston
B00004Z4SE, Brandy Norwood
B00004Z4SE, Whoopi Goldberg
B00004Z4SE, Jason Alexander
B00004Z4SE, Bernadette Peters
B00004Z4SE, Victor Garber
B00004Z4SE, Paolo Montalban
B00004Z4SE, Veanne Cox
B00004Z4SE, Natalie Desselle
B00004Z4SE, Michael Haynes
B00004Z4SE, Robert Iscove
B00004Z4SE, Robert L. Freedman
B00004Z4SE,Rodgers & Hammerstein's Cinderella
B00004Z4SE,ABC STUDIOS
B00004Z4SE,10285
B00004Z4SE,Movie
B00004Z4SE,Musicals & Cast Recordings
B00004Z4SE,TV Shows / TV Movie
B00004Z4SE,Animation
B00004Z4SE,Children's/Family
B00004Z4SE,English
B00004Z4SE,Fairy Tales & Legends
B00004Z4SE,Family
B00004Z4SE,Family-Disney
B00004Z4SE,Fantasy
B00004Z4SE,Feature
B00004Z4SE,G
B00004Z4SE,Suitable for Children
B00004Z4SE,USA
B00004Z4SE,Action
B00004Z4SE,Adventure
B00004Z4SE,Animation
B00004Z4SE,Children
B00004Z4SE,Comedy
B00004Z4SE,Drama
B00004Z4SE,Family
B00004Z4SE,Family-Disney
B00004Z4SE,Fantasy
B00004Z4SE,Feature Film Family
B00004Z4SE,G
B00004Z4SE,Movie
B00004Z4SE,Musical
B00004Z4SE,Musicals & Cast Recordings
B00004Z4SE,TV Shows / TV Movie
B0781Z7V6V,Ring Solar Panel Black - Compatible with Ring Spotlight Cam Battery and Stick Up Cam Battery
B0781Z7V6V,Ring
B0781Z7V6V,8ASPS7-BEN0
B07FPP6TB5,Insignia NS-32DF310NA19 32-inch Smart HD TV - Fire TV Edition
B07FPP6TB5,Best Buy China LTD
B07FPP6TB5,NS-32DF310NA19
B07V9LPB5K,Colorfulkoala Women's High Waisted Yoga Pants 7/8 Length Leggings with Pockets
B07CXYV1PW,Alimens & Gentle Men's Button Down Regular Fit Long Sleeve Plaid Flannel Casual Shirts
B07CXYV1PW,Alimens & Gentle
B07CXYV1PW,ALM-M-CS-PL-QSMG-1
B07KD7K4B1,Fire HD 10 Kids Edition Tablet – 10.1” 1080p full HD display
B07KD7K4B1, 32 GB
B07KD7K4B1, Blue Kid-Proof Case
B07KD7K4B1,Amazon
B07KD7K4B1,M2V3R5
B000AGTPUK,Steve Starkey
B000AGTPUK, Tom Hanks
B000AGTPUK, Jack Rapke
B000AGTPUK, Robert Zemeckis
B000AGTPUK, Gary Goetzman
B000AGTPUK, Chris Van Allsburg
B000AGTPUK, William Teitler
B000AGTPUK, Chris Van Allsburg
B000AGTPUK, Robert Zemeckis
B000AGTPUK, William Broyles
B000AGTPUK, Jr.
B000AGTPUK, Robert Zemeckis
B000AGTPUK, Tom Hanks
B000AGTPUK, Nona Gaye
B000AGTPUK, Peter Scolari
B000AGTPUK, Michael Jeter
B000AGTPUK, Eddie Deezen
B000AGTPUK, Charles Fleischer
B000AGTPUK,The Polar Express (Widescreen Edition)
B000AGTPUK,WarnerBrothers
B000AGTPUK,WHV74064DVD
B000AGTPUK,Cartoons & Animation
B000AGTPUK,Movie
B000AGTPUK,Animated
B000AGTPUK,Animation / Feature Film
B000AGTPUK,Children in Peril
B000AGTPUK,Children's Fantasy
B000AGTPUK,Children's/Family
B000AGTPUK,English
B000AGTPUK,Excellent For Children
B000AGTPUK,Family
B000AGTPUK,Feature
B000AGTPUK,G
B000AGTPUK,Holiday Film
B000AGTPUK,Holiday Video
B000AGTPUK,Holiday-Christmas (Animated)
B000AGTPUK,USA
B000AGTPUK,Ws
B000AGTPUK,Adventure
B000AGTPUK,Animation
B000AGTPUK,Animation / Feature Film
B000AGTPUK,Cartoons & Animation
B000AGTPUK,Christmas
B000AGTPUK,Family
B000AGTPUK,Fantasy
B000AGTPUK,G
B000AGTPUK,Holiday Video
B000AGTPUK,Holiday-Christmas (Animated)
B000AGTPUK,Movie
B000AGTPUK,Musical
B000AGTPUK,Ws
B000AGTPUK,drama
B07PTSZ43T,Paw Patrol
B07PTSZ43T, Chase’s Patrol Cruiser Vehicle with Collectible Figure
B07PTSZ43T, for Kids Aged 3 and Up
B07PTSZ43T,Spin Master
B07PTSZ43T,6054967
B085878WLK,LEGO Super Mario Adventures with Mario Starter Course 71360 Building Kit
B085878WLK, Interactive Set Featuring Mario
B085878WLK, Bowser Jr. and Goomba Figures
B085878WLK, New 2020 (231 Pieces)
B085878WLK,LEGO
B085878WLK,6288910
B085288G3M,TP-Link WiFi 6 Router AX1800 Smart WiFi Router (Archer AX20) – 802.11ax Router
B085288G3M, Gigabit Router
B085288G3M, Dual Band
B085288G3M, OFDMA
B085288G3M, Parental Controls
B085288G3M, Long Range Coverage
B085288G3M, Works with Alexa
B085288G3M,TP-Link
B085288G3M,Archer AX20
B08C341JN6,Speedefy AC2100 Smart WiFi Router - Dual Band Gigabit Wireless Router for Home & Gaming
B08C341JN6, 4x4 MU-MIMO
B08C341JN6, 7x6dBi External Antennas for Strong Signal
B08C341JN6, Parental Control
B08C341JN6, Support IPv6 (Model K7)
B08C341JN6,Speedefy
B07Q769B5X,Ring Indoor Cam
B07Q769B5X, Compact Plug-In HD security camera with two-way talk
B07Q769B5X, Works with Alexa - Black
B07Q769B5X,Ring
B07Q769B5X,5UM4E5
B01DM6BDA4,Ring Video Doorbell Pro
B01DM6BDA4, with HD Video
B01DM6BDA4, Motion Activated Alerts
B01DM6BDA4, Easy Installation (existing doorbell wiring required)
B01DM6BDA4,Ring
B01DM6BDA4,88LP000CH000
B07YMJ57MB,Google Nest WiFi Router 2 Pack (2nd Generation) – 4x4 AC2200 Mesh Wi-Fi Routers with 4400 Sq Ft Coverage
B07YMJ57MB,Google
B07YMJ57MB,GA01144-US
B074TC662N,Amazon Ethernet Adapter for Amazon Fire TV Devices
B074TC662N,Amazon
B07T1G32SN,Kevin Costner
B07T1G32SN, Various
B07T1G32SN,Yellowstone: Season 2
B07T1G32SN,Paramount
B0767FCYDW,Interstellar
B0767FCYDW,InterStellar 4K UltraHD [Blu-ray]
B0767FCYDW,Paramount
B0767FCYDW,B0767FCYDW
B0767FCYDW,Horror / Sci-Fi / Fantasy
B0767FCYDW,Movie
B0767FCYDW,Action/Adventure
B0767FCYDW,Feature Film-action/Adventure
B0767FCYDW,Horror / Sci-Fi / Fantasy
B0767FCYDW,Movie
B0767FCYDW,Sci-Fi/Fantasy
B07DY16W2Z,ARRIS SURFboard SB8200 DOCSIS 3.1 Gigabit Cable Modem
B07DY16W2Z, Approved for Cox
B07DY16W2Z, Xfinity
B07DY16W2Z, Spectrum & others
B07DY16W2Z,ARRIS Solutions
B07DY16W2Z, Inc.
B07DY16W2Z,SB8200
B0787TRNMH,NETGEAR Cable Modem WiFi Router Combo C6250 - Compatible with All Cable Providers Including Xfinity by Comcast
B0787TRNMH, Spectrum
B0787TRNMH, Cox | For Cable Plans Up to 300 Mbps | AC1600 WiFi speed | DOCSIS 3.0
B0787TRNMH,Netgear Inc
B0787TRNMH,C6250-1AZNAS
B071GCRXN9,Hanes Mens Pullover Ecosmart Fleece Hooded Sweatshirt
B071GCRXN9,Hanes Branded Printwear
B071GCRXN9,OP170
B07CJWMX3C,Amazon Essentials Women's Cotton Stretch Bikini Panty
B07CJWMX3C,Amazon Essentials
B001CW7ZWG,Kurt Russell
B001CW7ZWG, Wilford Brimley
B001CW7ZWG, T.K. Carter
B001CW7ZWG, David Clennon
B001CW7ZWG, Keith David
B001CW7ZWG, Richard Dysart
B001CW7ZWG, Charles Hallahan
B001CW7ZWG, Peter Maloney
B001CW7ZWG, Richard Masur
B001CW7ZWG, Donald Moffat
B001CW7ZWG, Joel Polis
B001CW7ZWG, Thomas G. Waites
B001CW7ZWG, John Carpenter
B001CW7ZWG,The Thing [Blu-ray]
B001CW7ZWG,Universal Pictures Home Entertainment
B001CW7ZWG,4193858
B001CW7ZWG,Horror / Sci-Fi / Fantasy
B001CW7ZWG,Movie
B001CW7ZWG,Blu-Ray/Ws
B001CW7ZWG,Horror
B001CW7ZWG,R
B001CW7ZWG,the thing collectors edition;the thing blu ray;the thing;the thing bluray;the thing blu-ray;thing;the fog blu ray;american werewolf in london blu ray;session 9 blu ray;they live blu ray
B07B64T9B3,Bill Boll
B07B64T9B3, Rainn Wilson
B07B64T9B3, John Krasinski
B07B64T9B3, Otto Coelho
B07B64T9B3, Jenna Fischer
B07B64T9B3, Suzanne Cryer
B07B64T9B3, B.J. Novak
B07B64T9B3, Ron Livingston
B07B64T9B3, Steve Carell
B07B64T9B3, Jefferson Mays
B07B64T9B3, Molly Ringwald
B07B64T9B3, Leslie David Baker
B07B64T9B3, Brian Baumgartner
B07B64T9B3, Billy Bob Thornton
B07B64T9B3, J.T. Walsh
B07B64T9B3, Creed Bratton
B07B64T9B3, Angela Kinsey
B07B64T9B3, Phyllis Smith
B07B64T9B3, Kate Flannery
B07B64T9B3, Oscar Nunez
B07B64T9B3, Mindy Kaling
B07B64T9B3, Ed Helms
B07B64T9B3, Paul Lieberstein
B07B64T9B3, Craig Robinson
B07B64T9B3, Ellie Kemper
B07B64T9B3, Zach Woods
B07B64T9B3, Melora Hardin
B07B64T9B3, Andy Buckley
B07B64T9B3, Catherine Tate
B07B64T9B3, David Denman
B07B64T9B3, Rashida Jones
B07B64T9B3, James Spader
B07B64T9B3, Ken Kwapis
B07B64T9B3,The Office: The Complete Series
B07B64T9B3,Universal Pictures Home Entertainment
B07B64T9B3,Comedy
B07B64T9B3,Television: Series
B07GRJM3HW,Jose Ferrer
B07GRJM3HW, Danny Thomas
B07GRJM3HW, Billy De Wolfe
B07GRJM3HW, Mickey Rooney
B07GRJM3HW, Greer Garson
B07GRJM3HW, Marlo Thomas
B07GRJM3HW, Jackie Vernon
B07GRJM3HW, Keenan Wynn
B07GRJM3HW, Paul Frees
B07GRJM3HW, Ed Ames
B07GRJM3HW, June Foray
B07GRJM3HW, Abbe Lane
B07GRJM3HW, Ted Eccles
B07GRJM3HW, Hans Conried
B07GRJM3HW, Roddy McDowall
B07GRJM3HW, Larry Roemer
B07GRJM3HW, Arthur Rankin
B07GRJM3HW, Jr.
B07GRJM3HW, Jules Bass
B07GRJM3HW, Burl Ives
B07GRJM3HW, Jimmy Durante
B07GRJM3HW, Fred Astaire
B07GRJM3HW, Arthur Rankin
B07GRJM3HW, Jr.
B07GRJM3HW, Jules Bass
B07GRJM3HW, Romeo Muller
B07GRJM3HW,The Original Christmas Specials Collection
B07GRJM3HW,Universal Pictures Home Entertainment
B07GRJM3HW,Animation
B07GRJM3HW,Christmas
B07GRJM3HW,Family
B07GRJM3HW,Holiday Video
B002XD0J80,Danielle Harris
B002XD0J80, Ellie Cornell
B002XD0J80, Donald Pleasence
B002XD0J80, Michael Pataki
B002XD0J80, Beau Starr
B002XD0J80, Wendy Kaplan
B002XD0J80, Tamara Glynn
B002XD0J80, Dwight H. Little
B002XD0J80, Dominique Othenin-Girard
B002XD0J80,Halloween 4: The Return of Michael Myers / Halloween 5: The Revenge of Michael Myers (Halloween Double Feature)
B002XD0J80,Anchor Bay Entertainment
B002XD0J80,unknown
B002XD0J80,Horror / Sci-Fi / Fantasy
B002XD0J80,Movie
B002XD0J80,Horror-Slashers
B002XD0J80,R
B002XD0J80,Ws
B002XD0J80,Horror
B002XD0J80,Horror / Sci-Fi / Fantasy
B002XD0J80,Horror-Slashers
B002XD0J80,Movie
B002XD0J80,R
B002XD0J80,Suspense/Thriller
B002XD0J80,Ws
B07WDDT3G5,All-new Fire HD 8 Kids Edition tablet
B07WDDT3G5," 8"" HD display"
B07WDDT3G5, 32 GB
B07WDDT3G5, Blue Kid-Proof Case
B07WDDT3G5,Amazon
B0037710BG,Play-Doh Handout Non-Toxic Modeling Compound
B0037710BG,Hasbro
B0037710BG,18367
B07VH6LFYT,Mac Book Air Charger
B07VH6LFYT, AC 45W T-Tip Power Adapter Charger Replacement for MacBook Air 11/13 inch (for Mac Book Air Released After Mid 2012)
B07VH6LFYT,Guangzhou Wincoldter Electronic Technology Co. Ltd.
B07VH6LFYT,ZH-908A/342
B003HGGPLW,Crayola Ultra Clean Washable Markers
B003HGGPLW, Broad Line
B003HGGPLW, 12 Count
B003HGGPLW,Crayola
B003HGGPLW,58-7812
B00BWF5U0M,Sabrent 4-Port USB 2.0 Hub with Individual LED lit Power Switches (HB-UMLS)
B00BWF5U0M,Sabrent
B00BWF5U0M,HB-UMLS
B00BTX5926,Tara Toys Ariel Necklace Activity Set - Amazon Exclusive (51394)
B00BTX5926,Tara Toy
B00BTX5926,51394
B085KTQKNC,LeapFrog 100 Animals Book
B085KTQKNC,VTech
B085KTQKNC,80-609540
B08976YW3T,Patrick Stewart
B08976YW3T, Alison Pill
B08976YW3T, Santiago Cabrera
B08976YW3T, Isa Briones
B08976YW3T, Evan Evagora
B08976YW3T, Michelle Hurd
B08976YW3T, Harry Treadaway
B08976YW3T, Brent Spiner
B08976YW3T, Jeri Ryan
B08976YW3T, Jonathan Frakes
B08976YW3T, Marina Sirtis
B08976YW3T, Jonathan Frakes
B08976YW3T,Star Trek: Picard - Season One [Blu-ray]
B08976YW3T,Paramount
B07H42QXF1,ARRIS SURFboard SBG10 DOCSIS 3.0 Cable Modem & AC1600 Dual Band Wi-Fi Router
B07H42QXF1, Approved for Cox
B07H42QXF1, Spectrum
B07H42QXF1, Xfinity & others (black)
B07H42QXF1,ARRIS Solutions
B07H42QXF1, Inc.
B07H42QXF1,SBG10
B07K1RZWMC,"Fire HD 10 Tablet (10.1"" 1080p full HD display"
B07K1RZWMC, 32 GB) – Black
B07K1RZWMC,Amazon
B07K1RZWMC,M2V3R5
B083ZZSGLR,Nuby Floating Purple Octopus with 3 Hoopla Rings Interactive Bath Toy
B083ZZSGLR,AmazonUs/NUBY4
B083ZZSGLR,6257
B077M5Q6FG,Achiou Winter Knit Gloves Touchscreen Warm Thermal Soft Lining Elastic Cuff Texting Anti-Slip 3 Size Choice for Women Men
B077M5Q6FG,Jfhome
B07Q3T177V,Ring Stick Up Cam Battery HD security camera with two-way talk
B07Q3T177V, Works with Alexa - Black
B07Q3T177V,Ring
B07Q3T177V,5UM6E5
B087CRMYBW,Caitriona Balfe
B087CRMYBW, Sam Heughan
B087CRMYBW, Sophie Skelton
B087CRMYBW, Richard Rankin
B087CRMYBW, Maria Doyle Kennedy
B087CRMYBW, Duncan Lacroix
B087CRMYBW, David Berry
B087CRMYBW, César Domboy
B087CRMYBW, Lauren Lyle
B087CRMYBW, Colin McFarlane
B087CRMYBW, Caitlin O'Ryan
B087CRMYBW, Graham McTavish
B087CRMYBW, John Bell
B087CRMYBW, Edward Speleers
B087CRMYBW, Jamie Payne
B087CRMYBW, Meera Menon
B087CRMYBW, Stephen Woolfenden
B087CRMYBW, Annie Griffin
B087CRMYBW, Michael Wilson
B087CRMYBW, Caitriona Balfe
B087CRMYBW, Guy Tannahill
B087CRMYBW, Sam Heughan
B087CRMYBW, Michael O'Halloran
B087CRMYBW, Elicia Bessette
B087CRMYBW,Outlander Season 5 DVD
B087CRMYBW,Sony Pictures Home Entertainment
B01HDORSFK,Fred Gwynne
B01HDORSFK, Yvonne De Carlo
B01HDORSFK, Al Lewis
B01HDORSFK, Butch Patrick
B01HDORSFK, Pat Priest
B01HDORSFK, Beverley Owen
B01HDORSFK, Bob Mosher
B01HDORSFK,The Munsters: The Complete Series
B01HDORSFK,Universal Pictures Home Entertainment
B01HDORSFK,35734351
B01HDORSFK,Movie
B01HDORSFK,TV Shows / TV Movie
B01HDORSFK,Feature
B01HDORSFK,the munsters;the munsters complete series;dvd movies;movies on dvd;dvd;dvds;television;munsters;dvds movies;movies;dvd's;movies dvd;hd dvd
B07D64QLQ1,ZMI zPower Turbo 65W USB-C PD Wall Charger Compatible with Laptops Chargeable via USB-C (Not Compatible with Legacy Models with Barrel Charging Ports) - Black
B07D64QLQ1,Zimi Corporation
B07D64QLQ1,HA712
B07D48LXJ3,2-Pack 15.6 Inch Laptop Screen Protector -Blue Light and Anti Glare Filter
B07D48LXJ3," FORITO Eye Protection Blue Light Blocking & Anti Glare Screen Protector for 15.6"" with 16:9 Aspect Ratio Laptop"
B07D48LXJ3,FORITO
B07D48LXJ3,F-BLSP15.6
B071D41YC3,Alexa Voice Remote for Amazon Fire TV and Fire TV Stick (1st Gen)
B071D41YC3,Amazon
B071D41YC3,PE59CV
B07WGJ8XWZ,All-new Ring Video Doorbell – 1080p HD video
B07WGJ8XWZ, improved motion detection
B07WGJ8XWZ, easy installation – Satin Nickel (2020 release)
B07WGJ8XWZ,AMDSI
B07WGJ8XWZ,53-023184
B08BDK56RS,Kevin Costner
B08BDK56RS, Luke Grimes
B08BDK56RS, Kelly Reilly
B08BDK56RS, Wes Bentley
B08BDK56RS, Cole Hauser
B08BDK56RS, Kelsey Asbille
B08BDK56RS, Brecken Merrill
B08BDK56RS, Forrie J. Smith
B08BDK56RS, Gil Birmingham
B08BDK56RS, Josh Holloway
B08BDK56RS,Yellowstone: Season Three (DVD)
B08BDK56RS,Paramount
B07RKYQGG4,TP-Link AC1200 WiFi Router (Archer A5) - Dual Band Wireless Internet Router
B07RKYQGG4, 4 x 10/100 Mbps Fast Ethernet Ports
B07RKYQGG4, Supports Guest WiFi
B07RKYQGG4, Access Point Mode
B07RKYQGG4, IPv6 and Parental Controls
B07RKYQGG4,TP-Link
B07RKYQGG4,Archer A5
B07KR2N2GF,Kindle Oasis – Now with adjustable warm light – Ad-Supported
B07KR2N2GF,Amazon
B07KR2N2GF,S8IN4O
B07HNMVPM8,C.C Trendy Warm Chunky Soft Stretch Cable Knit Beanie Skully
B07HNMVPM8, 3 Tone Teal
B07HNMVPM8,HAT20A (816)-# 03
B07JZYWCTS,Apple 61W USB-C Power Adapter
B07JZYWCTS,Apple Computer
B07JZYWCTS,MRW22LL/A
B07MYTBV6N,TEMI Dinosaur Toy Figure w/ Activity Play Mat & Trees
B07MYTBV6N, Educational Realistic Dinosaur Playset to Create a Dino World Including T-Rex
B07MYTBV6N, Triceratops
B07MYTBV6N, Velociraptor
B07MYTBV6N, Perfect Gifts for Kids
B07MYTBV6N, Boys & Girls
B07MYTBV6N,TEMI
B07MYTBV6N,B07MYTBV6N
B07WWZM89C,Hanes Women's V-Notch Pullover Fleece Sweatshirt
B07WWZM89C,Hanes Women's Activewear
B07WWZM89C,O4633
B07XJ8C8F7,All-new Echo Dot (4th Gen) | Smart speaker with clock and Alexa | Glacier White
B07XJ8C8F7,Amazon
B07XJ8C8F7,B7W644
B08FYCH2C7,Introducing Amazon eero 6 mesh WiFi system bundle with Echo Dot
B08FYCH2C7, Charcoal and 2 Philips Hue Bulbs
B08FYCH2C7, White
B08FYCH2C7,eero
B077ZKF9ZN,Gildan Men's Crew T-Shirt Multipack
B077ZKF9ZN,Gildan
B077ZKF9ZN,GIL1100
B07HZLHPKP,Echo Show 5 -- Smart display with Alexa – stay connected with video calling - Charcoal
B07HZLHPKP,Amazon
B07HZLHPKP,H23K37
B0761MQNSM,65W 19V 3.42A Laptop Charger for Acer Chromebook CB3 CB3-111 CB3-131-C3SZ CB3-431 CB3-532 CB5 CB5-132T CB5-571 R11 11 13 14 15 C720 C720P C740
B0761MQNSM,Acer Iconia W700 W700P Tablet;fit PA-1650-80 A11-065N1A
B0761MQNSM,DongGuan Simer Electronics Co.
B0761MQNSM,Ltd
B0761MQNSM,SK90190342
B07WML1QM4,All-new Ring Chime
B07WML1QM4,Ring
B07WML1QM4,53-023197
B00KBZOR94,Hanes Men's ComfortSoft Short Sleeve T-Shirt (4 Pack )
B00KBZOR94,Hanes Men's Athletic Child Code
B00KBZOR94,O5280
B089M1CN2S,Justin Briner
B089M1CN2S, Clifford Chapin
B089M1CN2S, David Matranga
B089M1CN2S, Luci Christian
B089M1CN2S, Ricco Fajardo
B089M1CN2S,My Hero Academia: Heroes Rising [Blu-ray]
B089M1CN2S,Funimation
B0773JVKNM,New Original Dell 65W 19.5V 3.34A Ac Adapter Charger Power Supply for Dell Latitude E6420 E6430 E6430s E6430U E6440 E6500 E6510 E6520 E6530 E6540 E7240 E7250 E7440 E7450 LA65NM130 HA65NM130
B0773JVKNM,Dell Computers
B0773JVKNM,4332752610
B008ALADKI,APPLE
B008ALADKI,Apple 45W MagSafe 2 Power Adapter (for MacBook Air)
B008ALADKI,Apple Computer
B008ALADKI,MD592LL/A
B08DG5HVJ6,Michael J. Fox
B08DG5HVJ6, Christopher Lloyd
B08DG5HVJ6, Lea Thompson
B08DG5HVJ6, Thomas F. Wilson
B08DG5HVJ6, Crispin Glover
B08DG5HVJ6, Claudia Wells
B08DG5HVJ6, Casey Siemaszko
B08DG5HVJ6, Billy Zane
B08DG5HVJ6, Mary Steenburgen
B08DG5HVJ6, Elisabeth Shue
B08DG5HVJ6, Elijah Wood
B08DG5HVJ6, Richard Dysart
B08DG5HVJ6, Harry Carey
B08DG5HVJ6, Jr.
B08DG5HVJ6, Flea
B08DG5HVJ6, Robert Zemeckis
B08DG5HVJ6, Bob Gale
B08DG5HVJ6, Neil Canton
B08DG5HVJ6, Steven Spielberg
B08DG5HVJ6, Kathleen Kennedy
B08DG5HVJ6, Frank Marshall
B08DG5HVJ6, Robert Zemeckis
B08DG5HVJ6, Bob Gale
B08DG5HVJ6, Charles L. Campbell
B08DG5HVJ6, Robert Rutledge
B08DG5HVJ6, Bill Varney
B08DG5HVJ6, B. Tennyson Sebastian II
B08DG5HVJ6, Robert Thirlwell
B08DG5HVJ6, William B. Kaplan
B08DG5HVJ6,Back to the Future: The Ultimate Trilogy [Blu-ray]
B08DG5HVJ6,Universal Pictures Home Entertainment
B07TMJ1R3X,All-new Fire HD 8 tablet
B07TMJ1R3X," 8"" HD display"
B07TMJ1R3X, 32 GB
B07TMJ1R3X, designed for portable entertainment
B07TMJ1R3X, Black
B07TMJ1R3X,Amazon
B07GNV288V,Betsy Palmer
B07GNV288V, Adrienne King
B07GNV288V, Amy Steel
B07GNV288V, Dana Kimmell
B07GNV288V, Kimberly Beck
B07GNV288V, Melanie Kinnaman
B07GNV288V, Thom Mathews
B07GNV288V, Lar Park Lincoln
B07GNV288V, Jensen Daggett
B07GNV288V, John D. LeMay
B07GNV288V, Kari Keegan
B07GNV288V, Kane Hodder
B07GNV288V, Robert Englund
B07GNV288V, Jared Padalecki
B07GNV288V, Jeannine Taylor
B07GNV288V, Robbi Morgan
B07GNV288V, John Furey
B07GNV288V, Paul Kratka
B07GNV288V, Peter Barton
B07GNV288V, John Shepherd
B07GNV288V, Jennifer Cooke
B07GNV288V, Kevin Blair
B07GNV288V, Scott Reeves
B07GNV288V, Steven Williams
B07GNV288V, Lexa Doig
B07GNV288V, Ken Kirzinger
B07GNV288V, Danielle Panabaker
B07GNV288V, Kevin Bacon
B07GNV288V, Harry Crosby
B07GNV288V, Richard Brooker
B07GNV288V, Crispin Glover
B07GNV288V, Shavar Ross
B07GNV288V, David Kagen
B07GNV288V, Susan Blu
B07GNV288V, Peter Mark Richman
B07GNV288V, Lisa Ryder
B07GNV288V, Monica Keena
B07GNV288V, Aaron Yoo
B07GNV288V, Laurie Bartram
B07GNV288V, Mark Nelson
B07GNV288V, Kirsten Baker
B07GNV288V, Rachel Howard
B07GNV288V, Corey Feldman
B07GNV288V, Tony Goldwyn
B07GNV288V, Terry Kiser
B07GNV288V, David Cronenberg
B07GNV288V, Jason Ritter
B07GNV288V, Amanda Righetti
B07GNV288V, Ari Lehman
B07GNV288V, Warrington Gillette
B07GNV288V, David Katims
B07GNV288V, C.J. Graham
B07GNV288V, Kelly Rowland
B07GNV288V, Travis Van Winkle
B07GNV288V, Christopher Marquette
B07GNV288V, Derek Mears
B07GNV288V, Lochlyn Munro
B07GNV288V, Adam Marcus
B07GNV288V, Sean Cunningham
B07GNV288V, Joseph Zito
B07GNV288V, Danny Steinmann
B07GNV288V, Rob Hedden
B07GNV288V, Jim Isaac
B07GNV288V, Steve Miner
B07GNV288V, Tom McLoughlin
B07GNV288V, John Carl Buechler
B07GNV288V, Marcus Nispel
B07GNV288V, Ronny Yu
B07GNV288V, Sean Cunningham
B07GNV288V, Frank Mancuso Jr.
B07GNV288V, Timothy Silver
B07GNV288V, Randolph Cheveldave
B07GNV288V, Noel Cunningham
B07GNV288V, Steve Miner
B07GNV288V, Don Behrns
B07GNV288V, Iain Paterson
B07GNV288V, Michael Bay
B07GNV288V, Andrew Form
B07GNV288V, Brad Fuller
B07GNV288V, Dean Lorey
B07GNV288V, Jay Huguely
B07GNV288V, Victor Miller
B07GNV288V, Barney Cohen
B07GNV288V, Rob Hedden
B07GNV288V, Todd Farmer
B07GNV288V, Ron Kurz
B07GNV288V, Martin Kitrosser
B07GNV288V, Tom McLoughlin
B07GNV288V, Daryl Haney
B07GNV288V, Carol Watson
B07GNV288V, Danny Steinmann
B07GNV288V, Manuel Fidello
B07GNV288V, Damian Shannon
B07GNV288V, Mark Swift
B07GNV288V,Friday the 13th Collection [Blu-ray]
B07GNV288V,SHOUT! FACTORY
B00DZP1BP0,Various
B00DZP1BP0, Various
B00DZP1BP0,A Charlie Brown Thanksgiving 40th Anniversary Deluxe Edition (DVD)
B00DZP1BP0,WarnerBrothers
B00DZP1BP0,216360
B00DZP1BP0,Cartoons & Animation
B00DZP1BP0,Movie
B00DZP1BP0,Animation
B00DZP1BP0,Children's Video
B00DZP1BP0,Feature
B00DZP1BP0,Holiday-Thanksgiving
B00DZP1BP0,Holiday: Other
B00DZP1BP0,Nr
B00DZP1BP0,Television
B00DZP1BP0,Ws
B00DZP1BP0,Animation
B00DZP1BP0,Cartoons & Animation
B00DZP1BP0,Children's Video
B00DZP1BP0,Gift Set
B00DZP1BP0,Holiday-Thanksgiving
B00DZP1BP0,Holiday: Other
B00DZP1BP0,Movie
B00DZP1BP0,Nr
B00DZP1BP0,Performing Arts / Television / General
B00DZP1BP0,Television
B00DZP1BP0,Ws
B00DZP1BP0,Performing Arts / Television / General
B085WS7H6K,Introducing Amazon eero 6 dual-band mesh Wi-Fi 6 router
B085WS7H6K, with built-in Zigbee smart home hub (1 router + 1 extender)
B085WS7H6K,eero
B085WS7H6K,N010001
B001H0FVAG,Levi's Men's 505 Regular Fit Jeans
B001H0FVAG,Levi's
B001H0FVAG,04505-0002
B005OCFHHK,Daniel Radcliffe
B005OCFHHK, Rupert Grint
B005OCFHHK, Emma Watson
B005OCFHHK,Harry Potter: Complete 8-Film Collection [Blu-ray]
B005OCFHHK,Warner Bros.
B005OCFHHK,WHV1000189967BR
B005OCFHHK,VP-WHV00189967BLU
B005OCFHHK,Action / Adventure
B005OCFHHK,Movie
B005OCFHHK,Action & Adventure
B005OCFHHK,Action/Adventure
B005OCFHHK,Blu-Ray/Ws
B005OCFHHK,Family
B005OCFHHK,Family-Fantasy
B005OCFHHK,Nr/8 Br
B005OCFHHK,Sci-Fi/Fantasy
B005OCFHHK,Action / Adventure
B005OCFHHK,Action/Adventure
B005OCFHHK,Adventure
B005OCFHHK,Blu-Ray/Ws
B005OCFHHK,Drama
B005OCFHHK,Family
B005OCFHHK,Family-Fantasy
B005OCFHHK,Fantasy
B005OCFHHK,Feature Film Family
B005OCFHHK,Gift Set
B005OCFHHK,Movie
B005OCFHHK,Mystery
B005OCFHHK,Nr/8 Br
B005OCFHHK,Sci-Fi/Fantasy
B08FY8JB89,Introducing eero Pro 6 mesh wifi system bundle with Fire TV Cube
B0849J7W5X,Ring Video Doorbell 3 – enhanced wifi
B0849J7W5X, improved motion detection
B0849J7W5X, easy installation
B0849J7W5X,Ring
B0849J7W5X,53-024264
B07KLCVW1Z,Tobin Bell
B07KLCVW1Z, Shawnee Smith
B07KLCVW1Z, Cary Elwes
B07KLCVW1Z, Donnie Wahlberg
B07KLCVW1Z, Scott Patterson
B07KLCVW1Z,Saw - 8-film Collection [Blu-ray]
B07KLCVW1Z,Lionsgate
B07KLCVW1Z,Horror
B01ARH416Y,19.5V 3.33A AC Adapter Charger for HP 15-F009WM 15-F023WM 15-F039WM 15-F059WM 15-g073nr F9H92UA 15-g074nr Laptop 4.5/3.0mm Power Supply with Cord
B01ARH416Y,ELECBRAiN
B01ARH416Y,TJM-B0H08
B07KRY43KN,Echo Glow - Multicolor smart lamp for kids
B07KRY43KN, a Certified for Humans Device – Requires compatible Alexa device
B07KRY43KN,Amazon
B07KRY43KN,S7RN5S
B08CWBFFC6,Kang-ho Song
B08CWBFFC6, Woo-sik Choi
B08CWBFFC6, So-dam Park
B08CWBFFC6, Hye-Jin Jang
B08CWBFFC6, Lee Sun-Kyun
B08CWBFFC6, Yeo-jeong Jo
B08CWBFFC6, Ji-so Jung
B08CWBFFC6, Hyun-jun Jung
B08CWBFFC6, Jeong-eun Lee
B08CWBFFC6, Myeong-hoon Park
B08CWBFFC6, Bong Joon-ho
B08CWBFFC6,Parasite (The Criterion Collection) [Blu-ray]
B08CWBFFC6,The Criterion Collection
B07P6MZPK3,Mattel Games UNO
B07P6MZPK3,Mattel
B07P6MZPK3,GDJ85
B07W62FZC7,CHNLML Cool Sticker 55-905pcs Random Music Film Vinyl Skateboard Guitar Travel Case Sticker Door Laptop Luggage Car Bike Bicycle Stickers ( Random Pack) (105pcs)
B07W62FZC7,CHNLML
B08CT53KJ5,ANRABESS Womens Turtleneck Long Batwing Sleeve Asymmetric Hem Casual Pullover Sweater Knit Tops
B00F0DD0I6,NETGEAR Nighthawk Smart WiFi Router (R7000) - AC1900 Wireless Speed (up to 1900 Mbps) | Up to 1800 sq ft Coverage & 30 Devices | 4 x 1G Ethernet and 2 USB ports | Armor Security
B00F0DD0I6,Netgear
B00F0DD0I6,R7000-100PAS
B08D51CLGX,Kristin Chenoweth
B08D51CLGX, Scott Wolf
B08D51CLGX, Kevin Quinn
B08D51CLGX, Eric Close
B08D51CLGX, Eric Close
B08D51CLGX, Dustin Rikert
B08D51CLGX,A Christmas Love Story
B08D51CLGX,Cinedigm
B010277HO2,Hanes Men's Long Sleeve Beefy Henley Shirt
B010277HO2,Hanes Men's Athletic Child Code
B085VNCZHL,Eero 6 pro router
B085VNCZHL,Eero 6 pro
B085VNCZHL,eero pro + 2 eero beacons
B085VNCZHL,eero mesh wifi system pro
B085VNCZHL,erro pro
B085VNCZHL,eero pro and beacon
B085VNCZHL,eero pro router
B085VNCZHL,eero pro mesh wifi router
B085VNCZHL,amazon eero pro
B085VNCZHL,eero pro refurbished
B085VNCZHL,eero pro 2 pack
B085VNCZHL,eero pro mesh
B085VNCZHL,amazon eero pro mesh wifi system - 3-pack
B085VNCZHL,eero pro mesh wifi system
B085VNCZHL,eero pro 3 pack
B085VNCZHL,eero pro
B085VNCZHL,Eero 6 router
B085VNCZHL,Eero 6
B085VNCZHL,erro wifi mesh system
B085VNCZHL,eero 3-pack
B085VNCZHL,amazon mesh
B085VNCZHL,internet router
B085VNCZHL,mesh wifi router
B085VNCZHL,amazon eero mesh wifi system 3-pack
B085VNCZHL,eero wifi router
B085VNCZHL,eero mesh wifi system 2 pack
B085VNCZHL,amazon router
B085VNCZHL,mesh network router system
B085VNCZHL,wireless mesh network system
B085VNCZHL,eero mesh router
B085VNCZHL,eero pro 2nd generation
B085VNCZHL,eero wifi system
B085VNCZHL,amazon eero mesh wifi router
B085VNCZHL,eero refurbished
B085VNCZHL,amazon wifi
B085VNCZHL,eero routers for wireless internet
B085VNCZHL,eero mesh wifi router
B085VNCZHL,amazon mesh wifi
B085VNCZHL,mesh
B085VNCZHL,wifi routers for home
B085VNCZHL,erro
B085VNCZHL,eero 2 pack
B085VNCZHL,eero mesh wifi
B085VNCZHL,eero 3 pack
B085VNCZHL,eeros
B085VNCZHL,wireless router
B085VNCZHL,wifi mesh network system
B085VNCZHL,mesh network
B085VNCZHL,amazon eero mesh wifi system
B085VNCZHL,erros wifi
B085VNCZHL,eero router
B085VNCZHL,amazon eero
B085VNCZHL,eero wifi
B085VNCZHL,eero mesh wifi system 3 pack
B085VNCZHL,mesh router
B085VNCZHL,wifi mesh
B085VNCZHL,router
B085VNCZHL,mesh wifi system
B085VNCZHL,eero pro mesh wifi system - 3-pack
B085VNCZHL,eero mesh
B085VNCZHL,eero home wifi system pack of 3
B085VNCZHL,wifi router
B085VNCZHL,mesh wifi
B085VNCZHL,eero
B085VNCZHL,eero mesh wifi system
B085VNCZHL, eero deals
B085VNCZHL, eero prime day
B085VNCZHL, eero pro deals
B085VNCZHL, eero pro prime day
B08B2M8LKG,wifi
B08B2M8LKG, wifi systems
B08B2M8LKG, wifi system
B08B2M8LKG, wifi range extender
B08B2M8LKG, wifi range extenders
B08B2M8LKG, router
B08B2M8LKG, routers
B08B2M8LKG, mesh router
B08B2M8LKG, mesh routers
B08B2M8LKG, mesh wifi
B08B2M8LKG, mesh wifi router
B08B2M8LKG, mesh wifi routers
B08B2M8LKG, mesh wifi system
B08B2M8LKG, mesh wifi systems
B08B2M8LKG, whole home wifi
B08B2M8LKG, whole home wifi systems
B08B2M8LKG, home wifi
B08B2M8LKG, whole home wifi system
B08B2M8LKG, smart home routers
B08B2M8LKG, routers that work with Alexa
B08B2M8LKG, eero
B08B2M8LKG, eero wifi
B08B2M8LKG, eero wifi system
B08B2M8LKG, eero wifi systems
B08B2M8LKG, eero mesh wifi
B08B2M8LKG, eero router
B08B2M8LKG, eero mesh router
B08B2M8LKG, eero whole home wifi
B08B2M8LKG, eero wifi extender
B08B2M8LKG, eero range extender
B08B2M8LKG, eero smart home
B08B2M8LKG, eero routers
B08B2M8LKG, eero mesh routers
B08B2M8LKG, eero wifi extenders
B08B2M8LKG, eero range extenders
B08B2M8LKG, router deals
B08B2M8LKG, router prime day
B08B2M8LKG, eero deal
B08B2M8LKG, eero prime day
B0862269YP,"Lenovo IdeaPad 3 14"" Laptop"
B0862269YP," 14.0"" FHD 1920 x 1080 Display"
B0862269YP, AMD Ryzen 5 3500U Processor
B0862269YP, 8GB DDR4 RAM
B0862269YP, 256GB SSD
B0862269YP, AMD Radeon Vega 8 Graphics
B0862269YP, Narrow Bezel
B0862269YP, Windows 10
B0862269YP, 81W0003QUS
B0862269YP, Abyss Blue
B0862269YP,Lenovo
B0862269YP,81W0003QUS
B081GKNJV4,Signature by Levi Strauss & Co. Gold Label Women's Totally Shaping Pull-on Skinny Jeans
B081GKNJV4,Signature by Levi Strauss & Co. Gold Label
B07CKZTX2Q,Simple Joys by Carter's Baby and Toddler Boys' 3-Pack Loose Fit Fleece Footed Pajamas
B07CKZTX2Q,Simple Joys by Carter's
B08842D7JS,Acer Predator Helios 300 Gaming Laptop
B08842D7JS, Intel i7-10750H
B08842D7JS, NVIDIA GeForce RTX 2060 6GB
B08842D7JS," 15.6"" Full HD 144Hz 3ms IPS Display"
B08842D7JS, 16GB Dual-Channel DDR4
B08842D7JS, 512GB NVMe SSD
B08842D7JS, Wi-Fi 6
B08842D7JS, RGB Keyboard
B08842D7JS, PH315-53-72XD
B08842D7JS,Acer
B08842D7JS,PH315-53-72XD
B07X6C9RMF,Blink Mini – Compact indoor plug-in smart security camera
B07X6C9RMF, 1080 HD video
B07X6C9RMF, motion detection
B07X6C9RMF, night vision
B07X6C9RMF, Works with Alexa – 1 camera
B07X6C9RMF,Immedia
B07X6C9RMF,53-023434
B07JQJ4SD5,Thermajohn Men's Ultra Soft Thermal Underwear Long Johns Set with Fleece Lined
B077YS8TTN,SATINA High Waisted Leggings - 25 Colors - Super Soft Full Length Opaque Slim
B077YS8TTN,RL-Parent
B07MLY3JKV,Echo Flex - Plug-in mini smart speaker with Alexa
B07MLY3JKV,Amazon
B07MLY3JKV,C77A68
B07ZPHHTFR,Vsco Stickers 70 Pack I Cute Stickers Waterproof 100% Vinyl Stickers I Vsco Girls Stuff
B07ZPHHTFR, Aesthetic Stickers
B07ZPHHTFR, Vsco Stickers for Water Bottle
B07ZPHHTFR, Laptop Stickers
B07ZPHHTFR, Cellphone (70 Pack
B07ZPHHTFR, VSCO Stickers)
B07ZPHHTFR,El Nido Design
B0825SNHP1,Mattel Star Wars The Child Plush Toy
B0825SNHP1, 11-Inch Small Yoda-Like Soft Figure from The Mandalorian
B0825SNHP1, Green
B0825SNHP1,Mattel
B0825SNHP1,GWD85
B06XCQSPSW,Hanes Men's EcoSmart Open Leg Fleece Pant with Pockets
B06XCQSPSW,Hanes Branded Printwear
B06XCQSPSW,O5995
B07CPCFVB9,Chris Sarandon
B07CPCFVB9, Danny Elfman
B07CPCFVB9, Catherine O'Hara
B07CPCFVB9, William Hickey
B07CPCFVB9, Glenn Shadix
B07CPCFVB9, Paul Reubens
B07CPCFVB9, Ken Page
B07CPCFVB9, Ed Ivory
B07CPCFVB9, Susan McBride
B07CPCFVB9, Debi Durst
B07CPCFVB9, Greg Proops
B07CPCFVB9, Kerry Katz
B07CPCFVB9, Randy Crenshaw
B07CPCFVB9, Sherwood Ball
B07CPCFVB9, Carmen Twillie
B07CPCFVB9, Henry Selick
B07CPCFVB9, Based On A Story And Characters By Tim Burton
B07CPCFVB9, Screenplay By Caroline Thompson
B07CPCFVB9,NIGHTMARE BEFORE CHRISTMAS
B07CPCFVB9, THE (TIM BURTON'S)
B07CPCFVB9,TOUCHSTONE PICTURES
B07CPCFVB9,Animation
B07CPCFVB9,Family
B07CPCFVB9,Feature Film Family
B082PP9XW1,Kristen Bell
B082PP9XW1, Idina Menzel
B082PP9XW1, Josh Gad
B082PP9XW1, Jonathan Groff
B082PP9XW1, Sterling K. Brown
B082PP9XW1, Evan Rachel Wood
B082PP9XW1, Alfred Molina
B082PP9XW1, Martha Plimpton
B082PP9XW1, Jason Ritter
B082PP9XW1, Rachel Matthews
B082PP9XW1, Jeremy Sisto
B082PP9XW1, Ciaran Hinds
B082PP9XW1, Alan Tudyk
B082PP9XW1, Hadley Gannaway
B082PP9XW1, Mattea Conforti
B082PP9XW1, AURORA
B082PP9XW1, Santino Fontana
B082PP9XW1, Libby Stubenrauch
B082PP9XW1, Eva Bella
B082PP9XW1, Chris Buck
B082PP9XW1, Jennifer Lee
B082PP9XW1, Jennifer Lee
B082PP9XW1,FROZEN 2
B082PP9XW1,WALT DISNEY ANIMATION
B07JYJM6JT,TRENDOUX Winter Gloves for Men and Women - Upgraded Touch Screen Anti-Slip Silicone Gel - Elastic Cuff - Thermal Soft Wool Lining - Knit Stretchy Material
B07JYJM6JT,TRENDOUX
B013TMN4GW,"""Made for Amazon"" SanDisk 16 GB micro SD Memory Card for Fire Tablets and Fire TV"
B013TMN4GW,Sandisk
B013TMN4GW,SDSQUNB-016G-AZFMN
B07SW89GC3,PowerSource 19.5V 65W 45W UL Listed 14Ft Long HP Smart Blue Tip AC Adapter for Many Models Including: X360 Pavilion
B07SW89GC3, Envy
B07SW89GC3, Elitebook 840
B07SW89GC3, ProBook
B07SW89GC3, Stream
B07SW89GC3, and More Laptop Power-Supply Charger Cord
B07SW89GC3,PowerSource
B07SW89GC3,PS-H8
B01KJEOCDW,LEGO Creator Mighty Dinosaurs 31058 Build It Yourself Dinosaur Set
B01KJEOCDW, Create a Pterodactyl
B01KJEOCDW, Triceratops and T Rex Toy (174 Pieces)
B01KJEOCDW,LEGO
B01KJEOCDW,31058
B086DKSYTS,blink xt2
B086DKSYTS, blink camera system
B086DKSYTS,blink
B086DKSYTS,blink camera
B086DKSYTS,blink xt2 camera
B086DKSYTS,security camera outdoor
B086DKSYTS,xt2 blink camera 3 pack
B086DKSYTS,blink outdoor camera
B086DKSYTS,blink xt2 3 camera kit
B086DKSYTS,blink xt2 camera system
B086DKSYTS,home security camera system
B086DKSYTS,blink xt2 add on camera
B086DKSYTS,blink camera add on
B086DKSYTS,cameras for home security
B086DKSYTS,blink security camera system wireless
B086DKSYTS,blink xt2 5 camera system wireless
B086DKSYTS,security camera
B086DKSYTS,blink home security
B086DKSYTS,outdoor security camera
B086DKSYTS,security camera wireless
B086DKSYTS,security cameras
B086DKSYTS,wireless cameras for home security
B086DKSYTS,blink add on cameras
B086DKSYTS,wireless security camera system
B086DKSYTS,outdoor camera wireless
B086DKSYTS,xt2 blink camera
B086DKSYTS,blink cameras
B086DKSYTS,blink xt2 outdoor/indoor smart security camera
B086DKSYTS,blink camera system 2 pack
B086DKSYTS,blink outdoor camera system
B086DKSYTS,outdoor camera
B086DKSYTS,wireless security camera outdoor
B086DKSYTS,blink camera system 5 camera kit
B086DKSYTS,blink xt
B086DKSYTS,blink security camera
B086DKSYTS,outdoor security camera wireless
B086DKSYTS,wireless outdoor security camera
B086DKSYTS,blink xt2 camera 3 pack
B086DKSYTS,xt2 3 camera
B086DKSYTS,security camera system wireless
B086DKSYTS,blink add on outdoor camera
B086DKSYTS,blink add on camera
B086DKSYTS,security camera system
B086DKSYTS, camera deals
B086DKSYTS, blink camera prime day deal
B086DKSYTS, blink prime day deal
B086DKSYTS, blink prime day deal
B086DKSYTS, camera prime day
B00JM5GW10,Play-Doh Modeling Compound 10 Pack Case of Colors
B00JM5GW10, Non-Toxic
B00JM5GW10, Assorted Colors
B00JM5GW10, 2 Oz Cans
B00JM5GW10, Ages 2 & Up
B00JM5GW10, (Amazon Exclusive)
B00JM5GW10, Multicolor
B00JM5GW10,Hasbro - Import
B00JM5GW10,29413F01
B00NNMB3KS,"havit HV-F2056 15.6""-17"" Laptop Cooler Cooling Pad - Slim Portable USB Powered (3 Fans)"
B00NNMB3KS, Black/Blue
B00NNMB3KS,Havit
B00NNMB3KS,HV-F2056
B082YNQKB7,Crocs Men's and Women's Classic Lined Clog | Warm and Fuzzy Slippers
B082YNQKB7,Crocs
B082YNQKB7,203591
B085VT322X,Kindle - Now with a Built-in Front Light - Black - Ad-Supported + Kindle Unlimited (with auto-renewal)
B07FKR6KXF,"Fire 7 tablet (7"" display"
B07FKR6KXF, 16 GB) - Black
B07FKR6KXF,Amazon
B07FKR6KXF,M8S26G
B07T575145,Echo Show 8 Adjustable Stand - Black
B07T575145,Amazon
B0863D4XJW,Apple MacBook Air (13-inch
B0863D4XJW, 8GB RAM
B0863D4XJW, 256GB SSD Storage) - Space Gray (Latest Model)
B0863D4XJW,Apple Computer
B0863D4XJW,MWTJ2LL/A
B01DUTYGXE,Into the AM Black Neck Gaiter Face Scarf Mask Bandana Gator (Black)
B01DUTYGXE,AM7503-32-OS
B0741WGQ36,Amazon 5ft USB to Micro-USB Cable (designed for use with Fire tablets and Kindle E-readers)
B0741WGQ36,Amazon
B0741WGQ36,53-006938
B01BX4G6FY,ThinkFun Circuit Maze Electric Current Brain Game and STEM Toy for Boys and Girls Age 8 and Up - Toy of the Year Finalist
B01BX4G6FY, Teaches Players about Circuitry through Fun Gameplay
B01BX4G6FY,ThinkFun
B01BX4G6FY,44001008
B081FVQCHQ,Apple 96W USB-C Power Adapter
B081FVQCHQ,Apple Computer
B081FVQCHQ,MX0J2AM/A
B07B6L2QCF,Alexa Voice Remote (2nd Gen) with power and volume controls – requires compatible Fire TV device
B07B6L2QCF,Amazon
B07B6L2QCF,L5B83H
B00004RJ71,Jesse Borrego
B00004RJ71, Benjamin Bratt
B00004RJ71, Billy Bob Thornton
B00004RJ71, Enrique Castillo
B00004RJ71, Damian Chapa
B00004RJ71, Delroy Lindo
B00004RJ71, Taylor Hackford
B00004RJ71, Jimmy Santiago Baca & Jeremy Iacone
B00004RJ71,Blood In
B00004RJ71, Blood Out
B00004RJ71,HOLLYWOOD PICTURES
B00004RJ71,Relay Time: 190 min
B00004RJ71,Action / Adventure
B00004RJ71,Movie
B00004RJ71,Adult Situations
B00004RJ71,Animation
B00004RJ71,Crime
B00004RJ71,Crime Thriller
B00004RJ71,Drama
B00004RJ71,English
B00004RJ71,Feature
B00004RJ71,Gangster Film
B00004RJ71,Not For Children
B00004RJ71,Nudity
B00004RJ71,Prison Film
B00004RJ71,Profanity
B00004RJ71,R/Dir. ed.
B00004RJ71,USA
B00004RJ71,Ws
B00004RJ71,Action / Adventure
B00004RJ71,Animation
B00004RJ71,Crime
B00004RJ71,Drama
B00004RJ71,Feature Film-drama
B00004RJ71,Movie
B00004RJ71,R/Dir. ed.
B00004RJ71,Ws
B07FKR6KXF,"Fire 7 tablet (7"" display"
B07FKR6KXF, 16 GB) - Black
B07FKR6KXF,Amazon
B07FKR6KXF,M8S26G
B000VBIGCW,Rene Dupont
B000VBIGCW, Bob Clark
B000VBIGCW, Peter Billingsley
B000VBIGCW, Melinda Dillon
B000VBIGCW, Darren McGavin
B000VBIGCW, Ian Petrella
B000VBIGCW, Scott Schwartz
B000VBIGCW, Tedde Moore
B000VBIGCW, Jean Sheppard
B000VBIGCW, Leigh Brown
B000VBIGCW, Bob Clark
B000VBIGCW,A Christmas Story (Full-Screen Edition)
B000VBIGCW,WarnerBrothers
B000VBIGCW,3349475
B000VBIGCW,Comedies
B000VBIGCW,Movie
B000VBIGCW,Adult Language
B000VBIGCW,Americana
B000VBIGCW,Canada
B000VBIGCW,Comedy
B000VBIGCW,Comedy Drama
B000VBIGCW,Domestic Comedy
B000VBIGCW,English
B000VBIGCW,Excellent For Children
B000VBIGCW,Family
B000VBIGCW,Family-Oriented Comedy
B000VBIGCW,Feature
B000VBIGCW,Holiday Film
B000VBIGCW,Holiday Video
B000VBIGCW,Holiday-Christmas (Live Action
B000VBIGCW,Pg13
B000VBIGCW,USA
B000VBIGCW,Christmas
B000VBIGCW,Comedies
B000VBIGCW,Comedy
B000VBIGCW,Family
B000VBIGCW,Holiday Video
B000VBIGCW,Holiday-Christmas (Live Action
B000VBIGCW,Movie
B000VBIGCW,Pg13
B08GG9CMLR,Google Wifi - Mesh Wifi System - Wifi Router Replacement - 3 Pack
B08GG9CMLR,Google
B08GG9CMLR,GJ2CQ
B08KQBYM1Y,Mark Ordesky
B08KQBYM1Y, Barrie M. Osborne
B08KQBYM1Y, Peter Jackson
B08KQBYM1Y, Bob Weinstein
B08KQBYM1Y, Fran Walsh
B08KQBYM1Y, Harvey Weinstein
B08KQBYM1Y, Tim Sanders
B08KQBYM1Y, Robert Shaye
B08KQBYM1Y, Elijah Wood
B08KQBYM1Y, Ian McKellen
B08KQBYM1Y, Liv Tyler
B08KQBYM1Y, Viggo Mortensen
B08KQBYM1Y, Sean Astin
B08KQBYM1Y, Michael Lynne
B08KQBYM1Y, Cate Blanchett
B08KQBYM1Y, John Rhys-Davies
B08KQBYM1Y, Billy Boyd
B08KQBYM1Y, Dominic Monaghan
B08KQBYM1Y, Orlando Bloom
B08KQBYM1Y, Christopher Lee
B08KQBYM1Y, Hugo Weaving
B08KQBYM1Y, Sean Bean
B08KQBYM1Y, Ian Holm
B08KQBYM1Y, Andy Serkis
B08KQBYM1Y, Bernard Hill
B08KQBYM1Y, Miranda Otto
B08KQBYM1Y, David Wenham
B08KQBYM1Y, Brad Dourif
B08KQBYM1Y, Karl Urban
B08KQBYM1Y, Peter Jackson
B08KQBYM1Y, Fran Walsh
B08KQBYM1Y, Philippa Boyens
B08KQBYM1Y, Peter Jackson
B08KQBYM1Y, Stephen Sinclair
B08KQBYM1Y,Lord of the Rings
B08KQBYM1Y, The: Motion Picture Trilogy (Extended & Theatrical)(4K Ultra HD + Digital) [Blu-ray]
B08KQBYM1Y,WarnerBrothers
B0846PX2D5,Legendary Whitetails Men's Buck Camp Flannel Shirt
B0846PX2D5,Legendary Whitetails
B0846PX2D5,4399 TWIG OSFM
B07886HD17,Anthony Gonzalez
B07886HD17, Gael Garcia Bernal
B07886HD17, Benjamin Bratt
B07886HD17, Alanna Ubach
B07886HD17, Renee Victor
B07886HD17, Ana Ofelia Murguia
B07886HD17, Edward James Olmos
B07886HD17, Alfonso Arau
B07886HD17, Lee Unkrich and Adrian Molina
B07886HD17, Original Story by Lee Unkrich & Jason Katz & Matth
B07886HD17, Screenplay by Adrian Molian & Matthew Aldrich
B07886HD17,COCO
B07886HD17,DISNEY/PIXAR
B07886HD17,7503022601246
B07886HD17,Cartoons & Animation
B07886HD17,Movie
B07886HD17,Animation
B07886HD17,Cartoons & Animation
B07886HD17,Comedy
B07886HD17,Feature Film-comedy
B07886HD17,Movie
B087PNPR48,TICONN Neck Gaiter Face Cover Scarf (Black 2-Pack)
B087PNPR48, Summer Cool Breathable Lightweight Sun & Wind-proof for Fishing Hiking Running Cycling
B07K1RZWMC,"Fire HD 10 Tablet (10.1"" 1080p full HD display"
B07K1RZWMC, 32 GB) – Black
B07K1RZWMC,Amazon
B07K1RZWMC,M2V3R5
B0839NDRB2,All-new Fire HD 8 Plus tablet
B0839NDRB2, HD display
B0839NDRB2, 32 GB
B0839NDRB2," our best 8"" tablet for portable entertainment"
B0839NDRB2, Slate
B0839NDRB2,Amazon
B073JV7CSS,Wrangler Authentics Men's Long Sleeve Heavyweight Fleece Shirt
B073JV7CSS,Wrangler Authentics Men's Sportswear
B073JV7CSS,ZHCZP3G
B07WMLPSRL,Amazon eero mesh WiFi system – router replacement for whole-home coverage (3-pack)
B07WMLPSRL,eero
B07WMLPSRL,53-023206
B079JD7F7G,TP-Link AC1750 Smart WiFi Router (Archer A7) - Dual Band Gigabit Wireless Internet Router for Home
B079JD7F7G, Works with Alexa
B079JD7F7G, VPN Server
B079JD7F7G, Parental Control and QoS
B079JD7F7G,TP-LINK USA
B079JD7F7G,Wireless Router Archer A7
B06XH46MWW,NETGEAR Cable Modem CM500 - Compatible With All Cable Providers Including Xfinity by Comcast
B06XH46MWW, Spectrum
B06XH46MWW, Cox | For Cable Plans Up to 300 Mbps | DOCSIS 3.0
B06XH46MWW,Netgear Inc
B06XH46MWW,CM500-1AZNAS
B01IRMU5PW,Levi's Men's 501 Original Fit Jeans
B01IRMU5PW,Levi's
B01IRMU5PW,11501
B077BL65HS,Motorola 24x8 Cable Modem
B077BL65HS, Model MB7621
B077BL65HS, DOCSIS 3.0. Approved by Comcast Xfinity
B077BL65HS, Cox
B077BL65HS, Charter Spectrum
B077BL65HS, Time Warner Cable
B077BL65HS, and More. Downloads 1
B077BL65HS,000 Mbps Maximum (No WiFi)
B077BL65HS,MTRLC LLC
B077BL65HS,MB7621
B085B24B72,LEGO Star Wars Advent Calendar 75279 Building Kit for Kids
B085B24B72, Fun Calendar with Star Wars Buildable Toys Plus Code to Unlock Character in Star Wars: The Skywalker Saga Game
B085B24B72, New 2020 (311 Pieces)
B085B24B72,LEGO
B085B24B72,6289016
B082PQKLL2,George MacKay
B082PQKLL2, Dean-Charles Chapman
B082PQKLL2, Mark Strong
B082PQKLL2, Andrew Scott
B082PQKLL2, Richard Madden
B082PQKLL2, Colin Firth
B082PQKLL2, Benedict Cumberbatch
B082PQKLL2, Sam Mendes
B082PQKLL2, Sam Mendes
B082PQKLL2, Pippa Harris
B082PQKLL2, Jayne-Ann Tenggren
B082PQKLL2, Callum McDougall
B082PQKLL2, Brian Oliver
B082PQKLL2, Sam Mendes
B082PQKLL2, Krysty Wilson-Cairns
B082PQKLL2, Roger Deakins
B082PQKLL2, Mark Taylor
B082PQKLL2, Stuart Wilson
B082PQKLL2, Oliver Tarney
B082PQKLL2, Rachael Tate
B082PQKLL2,1917
B082PQKLL2,Universal Pictures Home Entertainment
B07PF1Y28C,Echo Show 8 -- HD smart display with Alexa – stay connected with video calling - Charcoal
B07PF1Y28C,Amazon
B07PF1Y28C,C7H6N3
B07YMKD6SM,Google Nest WiFi Router (2nd Generation) – 4x4 AC2200 Mesh Wi-Fi Router with 2200 Sq Ft Coverage
B07YMKD6SM,Google
B07YMKD6SM,GA00595-US
B07CPDKQ28,Chris Sarandon
B07CPDKQ28, Danny Elfman
B07CPDKQ28, Catherine O'Hara
B07CPDKQ28, William Hickey
B07CPDKQ28, Glenn Shadix
B07CPDKQ28, Paul Reubens
B07CPDKQ28, Ken Page
B07CPDKQ28, Ed Ivory
B07CPDKQ28, Susan McBride
B07CPDKQ28, Debi Durst
B07CPDKQ28, Greg Proops
B07CPDKQ28, Kerry Katz
B07CPDKQ28, Randy Crenshaw
B07CPDKQ28, Sherwood Ball
B07CPDKQ28, Carmen Twillie
B07CPDKQ28, Henry Selick
B07CPDKQ28, Based On A Story And Characters By Tim Burton
B07CPDKQ28, Screenplay By Caroline Thompson
B07CPDKQ28,NIGHTMARE BEFORE CHRISTMAS
B07CPDKQ28, THE (TIM BURTON'S) [Blu-ray]
B07CPDKQ28,TOUCHSTONE PICTURES
B07CPDKQ28,Animation
B07CPDKQ28,Family
B07CPDKQ28,Feature Film Family
B07H2ZS1B5,USB C Hub
B07H2ZS1B5, UtechSmart 6 In 1 USB C to HDMI Adapter with 1000M Ethernet
B07H2ZS1B5, Power Delivery Pd Type C Charging Port
B07H2ZS1B5, 3 USB 3.0 Ports Adapter Compatible for MacBook Pro
B07H2ZS1B5, Chromebook
B07H2ZS1B5, XPS
B07H2ZS1B5, and USB C devices
B07H2ZS1B5,UtechSmart Technology
B07H2ZS1B5,GN33A2
B07S86K91M,Courteney Cox
B07S86K91M, David Schwimmer
B07S86K91M, Jennifer Aniston
B07S86K91M, Lisa Kudrow
B07S86K91M, Matthew Perry
B07S86K91M, Matt LeBlanc
B07S86K91M,Friends: The Complete Series Collection (25th Anniversary/Repackaged/DVD)
B07S86K91M,WarnerBrothers
B084GTH5LL,TP-Link Deco Mesh WiFi System (Deco S4) – Up to 5
B084GTH5LL,500 Sq.ft. Coverage
B084GTH5LL, WiFi Router and Extender Replacement
B084GTH5LL, Gigabit Ports
B084GTH5LL,Seamless Roaming
B084GTH5LL, Parental Controls
B084GTH5LL, Works with Alexa
B084GTH5LL, 3-Pack
B084GTH5LL,TP-Link
B084GTH5LL,Deco S4(3-Pack)
B07MV64LGF,Echo Show 5 Adjustable Stand - Black
B07MV64LGF,Amazon
B01NBGB1UM,Hanes Men's EcoSmart Fleece Sweatpant
B01NBGB1UM,Hanes Branded Printwear
B01NBGB1UM,P650
B08518LVFD,200 PCS Stickers Pack (50-500Pcs/Pack)
B08518LVFD, Colorful Waterproof Stickers for Flask
B08518LVFD, Laptop
B08518LVFD, Phone
B08518LVFD, Water Bottle
B08518LVFD, Cute Aesthetic Vinyl Stickers for Teens
B08518LVFD, Girls
B08518LVFD,OtRainbow
B01DARPNBK,Hanes Boys' Eco Smart Fleece Pant
B01DARPNBK,Hanes - Boys 8-20
B01DARPNBK,OP450
B07TYTXJFW,Crocs Classic Clog | Water Comfortable Slip on Shoes
B07TYTXJFW,Crocs
B07TYTXJFW,10001
B07N1L5HX1,TP-Link AC1200 Gigabit WiFi Router (Archer A6) - 5GHz Gigabit Dual Band MU-MIMO Wireless Internet Router
B07N1L5HX1, Supports Beamforming
B07N1L5HX1, Guest WiFi and AP mode
B07N1L5HX1, Long Range Coverage by 4 Antennas
B07N1L5HX1,TP-Link
B07N1L5HX1,Archer A6
B00M0JU3G0,Various
B00M0JU3G0, Various
B00M0JU3G0,A Charlie Brown Christmas 50th Anniversay Deluxe Edition (DVD)
B00M0JU3G0,WarnerBrothers
B00M0JU3G0,WHV1000404554DVD
B00M0JU3G0,Family
B00M0JU3G0,Movie
B00M0JU3G0,Animation
B00M0JU3G0,Children's Video
B00M0JU3G0,Holiday Video
B00M0JU3G0,Television
B00M0JU3G0,Animation
B00M0JU3G0,Children's Video
B00M0JU3G0,Christmas
B00M0JU3G0,Family
B00M0JU3G0,Holiday Video
B00M0JU3G0,Movie
B00M0JU3G0,PERFORMING ARTS / Television / General
B00M0JU3G0,Television
B00M0JU3G0,PERFORMING ARTS / Television / General
B08KDGY97T,Mac Book Pro Charger 85W L-Tip Power Adapter Charger Replacement Cord for Mac Book Pro 13 15 and 17 inch Magnetic Connector (Before Mid 2012 Models) (White)
B08KDGY97T,Makalyassss
B00NHQF65S,LEGO Classic Green Baseplate 2304 Supplement for Building
B00NHQF65S, Playing
B00NHQF65S, and Displaying LEGO Creations
B00NHQF65S, 10in x 10in
B00NHQF65S, Large Building Base Accessory for Kids and Adults (1 Piece)
B00NHQF65S,LEGO
B00NHQF65S,6102278
B07CRSXMW8,VTech Sit-To-Stand Learning Walker (Frustration Free Packaging)
B07CRSXMW8, Blue
B07CRSXMW8,VTech
B07CRSXMW8,80-077069
B00ECDM78E,Plugable USB 3.0 Universal Laptop Docking Station Dual Monitor for Windows (Dual Video: HDMI and DVI/VGA/HDMI
B00ECDM78E, Gigabit Ethernet
B00ECDM78E, Audio
B00ECDM78E, 6 USB Ports)
B00ECDM78E,Plugable
B00ECDM78E,UD-3900
B073VJVH1N,Replacement Battery for HP Spare 593553-001
B073VJVH1N, HP Compaq Presario CQ32 CQ42 CQ43
B073VJVH1N, HP Pavilion dm4 g4 g6 g7 DV3-4000 DV5-2000 DV6-3000 DV7-6000
B073VJVH1N, COMPAQ 435 436
B073VJVH1N, fits HP MU06 (General Battery)
B073VJVH1N,AC Doctor INC
B073VJVH1N,CQ42
B06WD5Z6SJ,Urban CoCo Women's Basic Versatile Stretchy Flared Casual Mini Skater Skirt
B07ZDTXJ93,Ring Alarm 5-piece kit (2nd Gen) – home security system with optional 24/7 professional monitoring – Works with Alexa
B07ZDTXJ93,Ring
B07ZDTXJ93,53-023723
B083Y1GB6G,Kevin Costner
B083Y1GB6G, Kelly Reilly
B083Y1GB6G, Gil Birmingham
B083Y1GB6G, Wes Bentley
B083Y1GB6G, Cole Hauser
B083Y1GB6G, Various
B083Y1GB6G,Yellowstone Season 1 and 2 DVD Set
B01HIUTC9O,Champion Men's Powerblend Fleece Pullover Hoodie
B01HIUTC9O,Champion Men's Athletic
B01HIUTC9O,S0889
B000VBIGD6,Chevy Chase
B000VBIGD6, Beverly D'Angelo
B000VBIGD6, Randy Quaid
B000VBIGD6, Miriam Flynn
B000VBIGD6, William Hickey
B000VBIGD6, Mae Questel
B000VBIGD6, Diane Ladd
B000VBIGD6, John Randolph
B000VBIGD6, E.G. Marshall
B000VBIGD6, Juliette Lewis
B000VBIGD6, Jeremiah Chechik
B000VBIGD6, John Hughes
B000VBIGD6, Matty Simmons
B000VBIGD6, Tom Jacobson
B000VBIGD6, John Hughes
B000VBIGD6,National Lampoon's Christmas Vacation (Special Edition)
B000VBIGD6,WarnerBrothers
B000VBIGD6,MFR085391132417#N
B000VBIGD6,Christmas / Chanukkah
B000VBIGD6,Movie
B000VBIGD6,Absurd Comedy
B000VBIGD6,Adult Humor
B000VBIGD6,Adult Language
B000VBIGD6,Comedy
B000VBIGD6,English
B000VBIGD6,Farce
B000VBIGD6,Feature
B000VBIGD6,Holiday Video
B000VBIGD6,Holiday-Christmas (Live Action
B000VBIGD6,Parody/Spoof
B000VBIGD6,Pg13
B000VBIGD6,Profanity
B000VBIGD6,Questionable for Children
B000VBIGD6,Slapstick
B000VBIGD6,Special ed.
B000VBIGD6,USA
B000VBIGD6,Christmas
B000VBIGD6,Christmas / Chanukkah
B000VBIGD6,Comedy
B000VBIGD6,Holiday Video
B000VBIGD6,Holiday-Christmas (Live Action
B000VBIGD6,Movie
B000VBIGD6,Pg13
B000VBIGD6,Special ed.
B00R2AZLD2,NETGEAR Nighthawk Smart WiFi Router (R6700) - AC1750 Wireless Speed (up to 1750 Mbps) | Up to 1500 sq ft Coverage & 25 Devices | 4 x 1G Ethernet and 1 x 3.0 USB ports | Armor Security
B00R2AZLD2,Netgear Inc
B00R2AZLD2,R6700-100NAS
B079QHML21,Fire TV Stick 4K streaming device with Alexa built in
B079QHML21, Dolby Vision
B079QHML21, includes Alexa Voice Remote
B079QHML21, latest release
B079QHML21,Amazon
B079QHML21,E9L29Y
B07TMJ1R3X,All-new Fire HD 8 tablet
B07TMJ1R3X," 8"" HD display"
B07TMJ1R3X, 32 GB
B07TMJ1R3X, designed for portable entertainment
B07TMJ1R3X, Black
B07TMJ1R3X,Amazon
B0776ZCMMR,Ring Spotlight Cam Battery HD Security Camera with Built Two-Way Talk and a Siren Alarm
B0776ZCMMR, Black
B0776ZCMMR, Works with Alexa
B0776ZCMMR,Ring
B0776ZCMMR,8SB1S7-BEN0
B08GDGBFHH,Joaquim de Almeida
B08GDGBFHH, Goran Visnjic
B08GDGBFHH, Stephanie Gil
B08GDGBFHH, Alejandra Howard
B08GDGBFHH, Jorge Lamelas
B08GDGBFHH, Lucia Moniz
B08GDGBFHH, Marco d'Almeida
B08GDGBFHH, Joana Ribeiro
B08GDGBFHH, Sonia Braga
B08GDGBFHH, Harvey Keitel
B08GDGBFHH, Marco Pontecorvo
B08GDGBFHH, James T. Volk
B08GDGBFHH, Dick Lyles
B08GDGBFHH, Stefano Buono
B08GDGBFHH, Maribel Lopera Sierra
B08GDGBFHH, Marco Pontecorvo
B08GDGBFHH, Rose Ganguzza
B08GDGBFHH, Natasha Howes
B08GDGBFHH, Marco Pontecorvo
B08GDGBFHH, Valerio D'Annunzio
B08GDGBFHH, Barbara Nicolosi
B08GDGBFHH,Fatima
B08GDGBFHH,Universal Pictures Home Entertainment
B08GLP1PDT,Kevin Costner
B08GLP1PDT, Luke Grimes
B08GLP1PDT, Kelly Reilly
B08GLP1PDT, Wes Bentley
B08GLP1PDT, Cole Hauser
B08GLP1PDT, Kelsey Asbille
B08GLP1PDT, Brecken Merrill
B08GLP1PDT, Gil Birmingham
B08GLP1PDT, Danny Huston
B08GLP1PDT, Josh Holloway
B08GLP1PDT,Yellowstone: The First Three Seasons Limited Edition Gift Set
B08GLP1PDT,Paramount
B08F2NKCTZ,Fruit of the Loom Men's Stay Tucked Crew T-Shirt
B08F2NKCTZ,Fruit of the Loom
B07HQ46PD5,Mac Book Pro Charger
B07HQ46PD5, 60W Magsafe Power Adapter L-Tip Magnetic Connector Charger for Mac Book and 13-inch Mac Book Pro(Before Mid 2012 Models)
B07HQ46PD5,Doris
B07HQ46PD5,SAW65-165-3650U
B00005C5H4,The First Years Stack Up Cup Toys
B00005C5H4,AmazonUs/FV5SJ
B00005C5H4,Y2341G
B00005C5H4,Gift Items
B00005C5H4,Gift_Items
B007OYLNGA,Dell 45W Replacement AC Adapter for Dell
B007OYLNGA,Dell Computers
B007OYLNGA,45W
B07Y8YNDM6,Amazon Fire HD 8 Cover
B07Y8YNDM6, compatible with 10th generation tablet
B07Y8YNDM6, 2020 release
B07Y8YNDM6, Charcoal Black
B07Y8YNDM6,Amazon
B000RIWAVW,Donald Pleasence
B000RIWAVW, Jamie Lee Curtis
B000RIWAVW, Tony Moran
B000RIWAVW, Nancy Kyes
B000RIWAVW, P.J. Soles
B000RIWAVW, Charles Cyphers
B000RIWAVW, Kyle Richards
B000RIWAVW, Brian Andrews
B000RIWAVW, John Michael Graham
B000RIWAVW, Nancy Stephens
B000RIWAVW, Arthur Malet
B000RIWAVW, Mickey Yablans
B000RIWAVW, John Carpenter
B000RIWAVW, Debra Hill
B000RIWAVW, Irwin Yablans
B000RIWAVW, John Carpenter
B000RIWAVW, Kool Marder
B000RIWAVW, Moustapha Akkad
B000RIWAVW, Debra Hill
B000RIWAVW, John Carpenter
B000RIWAVW,Halloween
B000RIWAVW,Anchor Bay
B000RIWAVW,ANCH15428DVD
B000RIWAVW,Horror / Sci-Fi / Fantasy
B000RIWAVW,Movie
B000RIWAVW,English
B000RIWAVW,Feature
B000RIWAVW,Graphic Violence
B000RIWAVW,High Historical Importance
B000RIWAVW,Horror
B000RIWAVW,Low Budget
B000RIWAVW,Motion Picture Video
B000RIWAVW,Not For Children
B000RIWAVW,Profanity
B000RIWAVW,R
B000RIWAVW,Sexual Situations
B000RIWAVW,Slasher Film
B000RIWAVW,Teen Movie
B000RIWAVW,USA
B000RIWAVW,Violence
B000RIWAVW,Ws
B000RIWAVW,Horror
B000RIWAVW,Horror / Sci-Fi / Fantasy
B000RIWAVW,Motion Picture Video
B000RIWAVW,Movie
B000RIWAVW,R
B000RIWAVW,Thriller
B000RIWAVW,Ws
B07Y981JGQ,Amy McKenna
B07Y981JGQ, Sam Register
B07Y981JGQ, Jim Krieg
B07Y981JGQ, Bruce Greenwood
B07Y981JGQ, Vincent Martella
B07Y981JGQ, John DiMaggio
B07Y981JGQ, Zehra Fazal
B07Y981JGQ, Nick Carson
B07Y981JGQ, Gary Cole
B07Y981JGQ, Nolan North
B07Y981JGQ, Brandon Vietti
B07Y981JGQ, Brandon Vietti
B07Y981JGQ,Batman: Death in the Family (Blu-ray + Digital)
B07Y981JGQ,WarnerBrothers
B07Y981JGQ,B07Y981JGQ
B0007XB2Y8,Carhartt Men's K87 Workwear Pocket Short Sleeve T-Shirt (Regular and Big & Tall Sizes)
B0007XB2Y8,Carhartt
B0007XB2Y8,K87
B009VOFRYU,Apple 60W MagSafe 2 Power Adapter (for MacBook Pro with 13-inch Retina display)
B009VOFRYU,Apple Computer
B009VOFRYU,MD565LL/A
B08GLJ3BQ3,Dinesh D'Souza
B08GLJ3BQ3, Dinesh D'Souza
B08GLJ3BQ3, Debbie D'Souza
B08GLJ3BQ3, Bruce Schooley
B08GLJ3BQ3,Trump Card
B08GLJ3BQ3,D'Souza Media
B08GLJ3BQ3,Nonfiction - Documentary / Politics
B08GLJ3BQ3,Nonfiction - Documentary / Politics
B002G9UDYG,Carhartt
B002G9UDYG,Carhartt Men's Acrylic Watch Hat A18
B002G9UDYG, Black
B002G9UDYG, One Size
B002G9UDYG,Carhartt Sportswear - Mens
B002G9UDYG,A18-Black-One Size
B002G9UDYG,CARA18BLKOFA
B0757RXZJH,Dickies Men's Dri-tech Moisture Control Crew Socks Multipack
B0757RXZJH,Dickies
B07CPJYR3G,Bette Midler
B07CPJYR3G, Sarah Jessica Parker
B07CPJYR3G, Kathy Najimy
B07CPJYR3G, Omri Katz
B07CPJYR3G, Thora Birch
B07CPJYR3G, Vinessa Shaw
B07CPJYR3G, Charles Rocket
B07CPJYR3G, Stephanie Faracy
B07CPJYR3G, Sean Murray
B07CPJYR3G, Kathleen Freeman
B07CPJYR3G, Doug Jones
B07CPJYR3G, Amanda Shepherd
B07CPJYR3G, Larry Bagby
B07CPJYR3G, Tobias Jelinek
B07CPJYR3G, Karyn Malchus
B07CPJYR3G, Steve Voboril
B07CPJYR3G, Norbert Weisser
B07CPJYR3G, D.A. Pawley
B07CPJYR3G, Ezra Sutton
B07CPJYR3G, Don Yesso
B07CPJYR3G, Kenny Ortega
B07CPJYR3G, Mick Garris
B07CPJYR3G, Neil Cuthbert
B07CPJYR3G,HOCUS POCUS
B07CPJYR3G,WALT DISNEY PICTURES
B07CPJYR3G,Comedy
B07CPJYR3G,Family
B07CPJYR3G,Feature Film Family
B0169P8XNU,Hanes Women’s EcoSmart Sweatpant – Regular and Petite Lengths
B0169P8XNU,Hanes Women's Activewear
B0169P8XNU,O4629
B0839NDRB2,All-new Fire HD 8 Plus tablet
B0839NDRB2, HD display
B0839NDRB2, 32 GB
B0839NDRB2," our best 8"" tablet for portable entertainment"
B0839NDRB2, Slate
B0839NDRB2,Amazon
B06ZZLK2WP,Hanes Men's Long Sleeve Cool Dri T-Shirt UPF 50+ (Pack of 2)
B06ZZLK2WP,Hanes Men's Athletic Child Code
B06ZZLK2WP,O482L
B0872FYTWS,All-New Toshiba 32LF221U21 32-inch Smart HD 720p TV - Fire TV Edition
B0872FYTWS, Released 2020
B0872FYTWS,BEST BUY CHINA LTD
B0872FYTWS,32LF221U21
B07FZ8S74R,Echo Dot (3rd Gen) - Smart speaker with Alexa - Charcoal
B07FZ8S74R,Amazon
B07FZ8S74R,C78MP8
B079V3BXD7,Crayola Scribble Scrubbie Pets Scrub Tub Animal Toy Set
B079V3BXD7, Gift for Kids
B079V3BXD7, Ages 3
B079V3BXD7, 4
B079V3BXD7, 5
B079V3BXD7, 6
B079V3BXD7,Crayola
B079V3BXD7,74-7249
B08F6JZBRK,Olivia Colman
B08F6JZBRK, Tobias Menzies
B08F6JZBRK, Oona Obeirn
B08F6JZBRK, Michael Casey
B08F6JZBRK, Andy Stebbing
B08F6JZBRK, Martin Harrison
B08F6JZBRK,The Crown - Season 03
B08F6JZBRK,Sony Pictures Home Entertainment
B07ZZVX1F2,fire tv
B07ZZVX1F2, amazon fire tv
B07ZZVX1F2, fire
B07ZZVX1F2, alexa fire
B07ZZVX1F2, alexa fire tv
B07ZZVX1F2, fire tv stick
B07ZZVX1F2, all new fire tv stick
B07ZZVX1F2, fire tv stick 3rd generation
B07ZZVX1F2, amazon alexa fire tv stick
B07ZZVX1F2, alexa
B07ZZVX1F2, alexa voice remote
B07ZZVX1F2, amazon fire
B07ZZVX1F2, amazon fire stick
B07ZZVX1F2, firetv
B07ZZVX1F2, fire tv box
B07ZZVX1F2, tv box
B07ZZVX1F2, amazon fire tv stick
B07ZZVX1F2, streaming devices
B07ZZVX1F2, streaming
B07ZZVX1F2, smart tv
B07ZZVX1F2, streaming stick
B07ZZVX1F2, fire stick
B07ZZVX1F2, firestick
B07ZZVX1F2, firestick tv stick
B07ZZVX1F2, fire stick remote
B07ZZVX1F2, all new amazon fire stick
B07ZZVX1F2, all new fire stick
B07ZZVX1F2, new fire stick
B07ZZVX1F2, new amazon fire stick
B07FDQRKCR,Gabriel Byrne
B07FDQRKCR, Alex Wolff
B07FDQRKCR,Hereditary [Blu-ray + DVD + Digital]
B07FDQRKCR,Lionsgate
B07FDQRKCR,Drama
B07FDQRKCR,Horror
B07FDQRKCR,Mystery
B07Y94W69D,Hot Wheels City Robo T-Rex Ultimate Garage Multi-Level Multi-Play Mode Stores 100 Plus 1:64 Scale Cars Gift idea for Kids 3 and Older
B07Y94W69D,Mattel
B07Y94W69D,GJL14
B07Z99PYXP,[Upgraded 2020] Surface Pro Charger 65W
B07Z99PYXP, Compatible with Surface Pro 3/4/5/6/7 Power Supply Adapter
B07Z99PYXP, Compatible for Both Microsoft Surface Book Laptop/Tablet
B07Z99PYXP, Works with 65W&44W&36W&24W
B07Z99PYXP,POWLAKEN
B07Z99PYXP,A1706
B07XKF5RM3,All-new Echo (4th Gen) | With premium sound
B07XKF5RM3, smart home hub
B07XKF5RM3, and Alexa | Charcoal
B07XKF5RM3,Amazon
B07XKF5RM3,L4S3RE
B07BLJ4MD7,Madeline Carroll
B07BLJ4MD7, Dennis Quaid
B07BLJ4MD7, Trace Adkins
B07BLJ4MD7, Cloris Leachman
B07BLJ4MD7, Jason Burkey
B07BLJ4MD7, Randy McDowell
B07BLJ4MD7, Tanya Clarke
B07BLJ4MD7, Nicole DuPort
B07BLJ4MD7, Jon Erwin
B07BLJ4MD7, Andrew Erwin
B07BLJ4MD7,I Can Only Imagine
B07BLJ4MD7,Artisan / Lionsgate
B07BLJ4MD7,43206-9472
B07BLJ4MD7,Drama
B07BLJ4MD7,Family
B07BLJ4MD7,Feature Film Family
B07BKR36D8,RockDove Men's Original Two-Tone Memory Foam Slipper
B01GPY9AOQ,DJW 19.5V 2.31A 45W Ac Adapter/Power Cord Supply for HP Pavilion 11 13 15;HP elitebook Folio 1040 g1;HP Stream 13 11 14;hp touchsmart 11 13 15;hp Spectre ultrabook 13
B01GPY9AOQ,DJW®
B01GPY9AOQ,B0D04
